INSERT INTO users(enabled,username,password)
--password 0
SELECT true,'s','$2a$10$xTmC5gnvno9acbNKJA8KpuznqtAWne4bTd6mRqcoE4qMv/aiSf98u'
WHERE NOT EXISTS (
    SELECT 1 FROM users
    WHERE username = 's'
);

INSERT INTO authorities(authority, username)
SELECT 'ROLE_ADMIN', 's'
WHERE NOT EXISTS (
    SELECT 1 FROM authorities
    WHERE username = 's'
);


INSERT INTO users(enabled,username,password) VALUES
--password 0
 (true, 'j1', '$2a$10$xTmC5gnvno9acbNKJA8KpuznqtAWne4bTd6mRqcoE4qMv/aiSf98u'),
 (true, 'j2', '$2a$10$xTmC5gnvno9acbNKJA8KpuznqtAWne4bTd6mRqcoE4qMv/aiSf98u'),
 (true, 'j3', '$2a$10$xTmC5gnvno9acbNKJA8KpuznqtAWne4bTd6mRqcoE4qMv/aiSf98u'),
 (true, 'm1', '$2a$10$xTmC5gnvno9acbNKJA8KpuznqtAWne4bTd6mRqcoE4qMv/aiSf98u'),
 (true, 'm2', '$2a$10$xTmC5gnvno9acbNKJA8KpuznqtAWne4bTd6mRqcoE4qMv/aiSf98u');

INSERT INTO authorities(authority, username) VALUES
 ('ROLE_ENGINEER', 'j1'),
 ('ROLE_ENGINEER', 'j2'),
 ('ROLE_ENGINEER', 'j3'),
 ('ROLE_MEDIC', 'm1'),
 ('ROLE_MEDIC', 'm2');

INSERT INTO address (id, street, city, postal_code, region) VALUES
    (1,'Улица Пушкина, д. 10', 'Городовск', 12345, 'Регион А'),
    (2,'Проспект Ленина, д. 5', 'Городград', 67890, 'Регион Б'),
    (3,'Аллея Гагарина, д. 2', 'Новогорск', 54321, 'Регион В'),
    (4,'Улица Толстого, д. 15', 'Поселоково', 98765, 'Регион Г'),
    (5,'Бульвар Чехова, д. 7', 'Пригородск', 13579, 'Регион Д'),
    (6,'Проезд Достоевского, д. 3', 'Мегаполис', 24680, 'Регион Е'),
    (7,'Аллея Пушкарева, д. 8', 'Городбург', 86420, 'Регион Ж'),
    (8,'Улица Гончарова, д. 6', 'Урбаново', 97531, 'Регион З'),
    (9,'Проспект Чайковского, д. 11', 'Городокополис', 31415, 'Регион И'),
    (10,'Переулок Маяковского, д. 4', 'Мегаград', 27182, 'Регион Й');
       
INSERT INTO hospital (id, name, address_id) VALUES
    (1,'Городская больница №1', 1),
    (2,'Клиника "Здоровье"', 2),
    (3,'Региональная больница "Спасение"', 3),
    (4,'Медицинский центр "Лечение"', 4),
    (5,'Поликлиника "Солнечная"', 5),
    (6,'Больница им. Петрова', 6),
    (7,'Медицинский комплекс "Здоровый мир"', 7),
    (8,'Клиника "МедПрогресс"', 8),
    (9,'Областная больница "Медикаре"', 9),
    (10,'Центральная городская поликлиника', 10);

INSERT INTO department (id, name, hospital_id)VALUES
    (1, 'Отдел хирургии', 1),
    (2, 'Отдел терапии', 2),
    (3, 'Отдел гинекологии', 3),
    (4, 'Отдел педиатрии', 4),
    (5, 'Отдел рентгена', 5),
    (6, 'Отдел кардиологии', 6),
    (7, 'Отдел офтальмологии', 7),
    (8, 'Отдел неврологии', 8),
    (9, 'Отдел урологии', 9),
    (10, 'Отдел стоматологии', 10),
    (11, 'Отдел реабилитации', 1),
    (12, 'Отдел анестезиологии', 2),
    (13, 'Отдел онкологии', 3),
    (14, 'Отдел ушной хирургии', 4),
    (15, 'Отдел дерматологии', 5),
    (16, 'Отдел эндокринологии', 6),
    (17, 'Отдел пульмонологии', 7),
    (18, 'Отдел ревматологии', 8),
    (19, 'Отдел гастроэнтерологии', 9),
    (20, 'Отдел нейро', 10);

INSERT INTO engineer (id, username, first_name, last_name, birth_date, gender, email, phone, hospital_id) VALUES
    (1000, 'j1', 'Иван', 'Петров', '1990-01-15', 0, 'ivan.petrov@example.com', '+123456789', 1),
    (1001, 'j2', 'Анна', 'Смирнова', '1985-05-20', 1, 'anna.smirnova@example.com', '+987654321', 2),
    (1002, 'пользователь003', 'Михаил', 'Иванов', '1992-08-10', 0, 'mikhail.ivanov@example.com', '+741852963', 3),
    (1003, 'пользователь004', 'Екатерина', 'Смирнова', '1988-11-30', 1, 'ekaterina.smirnova@example.com', '+369852147', 4),
    (1004, 'пользователь005', 'Даниил', 'Мельников', '1995-03-25', 0, 'daniil.melnikov@example.com', '+258147369', 5),
    (1005, 'пользователь006', 'София', 'Браун', '1983-07-12', 1, 'sofia.brown@example.com', '+631258974', 6),
    (1006, 'пользователь007', 'Давид', 'Дэвис', '1998-09-05', 0, 'david.davis@example.com', '+415263789', 7),
    (1007, 'пользователь008', 'Оливия', 'Мур', '1991-12-18', 1, 'olivia.moore@example.com', '+987654321', 8),
    (1008, 'пользователь009', 'Джеймс', 'Тейлор', '1987-04-22', 0, 'james.taylor@example.com', '+741852963', 9),
    (1009, 'пользователь010', 'Эмма', 'Андерсон', '1994-06-08', 1, 'emma.anderson@example.com', '+369852147', 10),
    (1010, 'j3', 'Александр', 'Соколов', '1989-02-28', 0, 'alexander.sokolov@example.com', '+123456789', 1),
    (1011, 'пользователь012', 'Елена', 'Ковалева', '1993-07-15', 1, 'elena.kovaleva@example.com', '+987654321', 2),
    (1012, 'пользователь013', 'Игорь', 'Федоров', '1986-11-02', 0, 'igor.fedorov@example.com', '+741852963', 3),
    (1013, 'пользователь014', 'Мария', 'Васильева', '1984-09-25', 1, 'maria.vasilieva@example.com', '+369852147', 4),
    (1014, 'пользователь015', 'Павел', 'Петров', '1991-05-10', 0, 'pavel.petrov@example.com', '+258147369', 5),
    (1015, 'пользователь016', 'Светлана', 'Сидорова', '1987-08-22', 1, 'svetlana.sidorova@example.com', '+631258974', 6),
    (1016, 'пользователь017', 'Алексей', 'Иванов', '1999-04-19', 0, 'alexei.ivanov@example.com', '+415263789', 7),
    (1017, 'пользователь018', 'Татьяна', 'Морозова', '1990-12-03', 1, 'tatiana.morozova@example.com', '+987654321', 8),
    (1018, 'пользователь019', 'Владимир', 'Кузнецов', '1988-06-17', 0, 'vladimir.kuznetsov@example.com', '+741852963', 9),
    (1019, 'пользователь020', 'Анастасия', 'Лебедева', '1993-01-08', 1, 'anastasia.lebedeva@example.com', '+369852147', 10);


 INSERT INTO medic (id, username, first_name, last_name, birth_date, gender, email, phone, department_id) VALUES
     (2220, 'm1', 'Елена', 'Макерт', '1990-01-15', 0, 'ivan.petrov@example.com', '+123456789', 1),
     (2221, 'm2', 'Леонид', 'Краско', '1985-05-20', 1, 'anna.smirnova@example.com', '+987654321', 2),
     (2222, 'пользователь103', 'Михаил', 'Иванов', '1992-08-10', 0, 'mikhail.ivanov@example.com', '+741852963', 3),
     (2223, 'пользователь104', 'Екатерина', 'Смирнова', '1988-11-30', 1, 'ekaterina.smirnova@example.com', '+369852147', 4),
     (2224, 'пользователь105', 'Даниил', 'Мельников', '1995-03-25', 0, 'daniil.melnikov@example.com', '+258147369', 5),
     (2225, 'пользователь106', 'София', 'Браун', '1983-07-12', 1, 'sofia.brown@example.com', '+631258974', 6),
     (2226, 'пользователь107', 'Давид', 'Дэвис', '1998-09-05', 0, 'david.davis@example.com', '+415263789', 7),
     (2227, 'пользователь108', 'Оливия', 'Мур', '1991-12-18', 1, 'olivia.moore@example.com', '+987654321', 8),
     (2228, 'пользователь109', 'Джеймс', 'Тейлор', '1987-04-22', 0, 'james.taylor@example.com', '+741852963', 9),
     (2229, 'пользователь110', 'Эмма', 'Андерсон', '1994-06-08', 1, 'emma.anderson@example.com', '+369852147', 10),
     (2230, 'пользователь111', 'Максим', 'Соколов', '1982-03-18', 0, 'maxim.sokolov@example.com', '+123456789', 11),
     (2231, 'пользователь112', 'Елена', 'Петрова', '1986-07-25', 1, 'elena.petrova@example.com', '+987654321', 12),
     (2232, 'пользователь113', 'Алексей', 'Иванов', '1993-10-14', 0, 'alexey.ivanov@example.com', '+741852963', 13),
     (2233, 'пользователь114', 'Наталья', 'Смирнова', '1989-12-05', 1, 'natalya.smirnova@example.com', '+369852147', 14),
     (2234, 'пользователь115', 'Илья', 'Мельников', '1996-04-29', 0, 'ilya.melnikov@example.com', '+258147369', 15),
     (2235, 'пользователь116', 'Ангелина', 'Браун', '1984-08-17', 1, 'angelina.brown@example.com', '+631258974', 16),
     (2236, 'пользователь117', 'Марк', 'Дэвис', '1999-11-08', 0, 'mark.davis@example.com', '+415263789', 17),
     (2237, 'пользователь118', 'Алиса', 'Мур', '1992-02-20', 1, 'alisa.moore@example.com', '+987654321', 18),
     (2238, 'пользователь119', 'Глеб', 'Тейлор', '1988-06-12', 0, 'gleb.taylor@example.com', '+741852963', 19),
     (2239, 'пользователь120', 'София', 'Андерсон', '1995-09-02', 1, 'sofia.anderson@example.com', '+369852147', 20);

INSERT INTO equipment (id, name, number, number_next, description, create_date, department_id) VALUES
    -- Оборудование для отделения 1
    (1, 'Оборудование 1', 'EQ123', 'EQ124', 'Описание оборудования 1', '2023-01-01', 1),
    (2, 'Оборудование 2', 'EQ234', 'EQ235', 'Описание оборудования 2', '2022-11-15', 1),
    (3, 'Оборудование 3', 'EQ345', 'EQ346', 'Описание оборудования 3', '2022-09-10', 1),

    -- Оборудование для отделения 2
    (4, 'Оборудование 4', 'EQ456', 'EQ457', 'Описание оборудования 4', '2023-03-20', 2),
    (5, 'Оборудование 5', 'EQ567', 'EQ568', 'Описание оборудования 5', '2021-12-05', 2),
    (6, 'Оборудование 6', 'EQ678', 'EQ679', 'Описание оборудования 6', '2022-04-30', 2),

    -- Оборудование для отделения 3
    (7, 'Оборудование 7', 'EQ789', 'EQ790', 'Описание оборудования 7', '2023-06-15', 3),
    (8, 'Оборудование 8', 'EQ890', 'EQ891', 'Описание оборудования 8', '2021-08-25', 3),
    (9, 'Оборудование 9', 'EQ901', 'EQ902', 'Описание оборудования 9', '2022-10-12', 3),

    -- Оборудование для отделения 4
    (10, 'Оборудование 10', 'EQ012', 'EQ013', 'Описание оборудования 10', '2023-02-18', 4),
    (11, 'Оборудование 11', 'EQ123', 'EQ124', 'Описание оборудования 11', '2022-01-05', 4),
    (12, 'Оборудование 12', 'EQ234', 'EQ235', 'Описание оборудования 12', '2021-11-20', 4),

    -- Оборудование для отделения 5
    (13, 'Оборудование 13', 'EQ345', 'EQ346', 'Описание оборудования 13', '2022-03-10', 5),
    (14, 'Оборудование 14', 'EQ456', 'EQ457', 'Описание оборудования 14', '2021-06-15', 5),
    (15, 'Оборудование 15', 'EQ567', 'EQ568', 'Описание оборудования 15', '2023-09-05', 5),

    -- Оборудование для отделения 6
    (16, 'Оборудование 16', 'EQ678', 'EQ679', 'Описание оборудования 16', '2022-08-30', 6),
    (17, 'Оборудование 17', 'EQ789', 'EQ790', 'Описание оборудования 17', '2022-05-25', 6),
    (18, 'Оборудование 18', 'EQ890', 'EQ891', 'Описание оборудования 18', '2022-04-18', 6),

    -- Оборудование для отделения 7
    (19, 'Оборудование 19', 'EQ901', 'EQ902', 'Описание оборудования 19', '2021-07-12', 7);

INSERT INTO order_table (equipment_id, description, medic_id, create_time, order_state, owner_engineer_id,
finish_engineer_id, update_time, end_time) VALUES
    -- Оборудование для отделения 1
    (1, 'Описание заказа 1', 2220, '2023-01-01 10:00:00', 0, NULL, NULL, '2023-01-01 10:30:00', NULL),
    (2, 'Описание заказа 2', 2220, '2023-02-15 08:30:00', 0,  NULL, NULL, '2023-02-15 09:45:00', NULL),
    (3, 'Описание заказа 3', 2220, '2023-03-10 14:20:00', 0,  NULL, NULL, '2023-03-10 14:45:00', NULL),

    -- Оборудование для отделения 2
    (4, 'Описание заказа 4', 2221, '2023-04-05 11:45:00', 0,  NULL, NULL, '2023-04-05 12:15:00', NULL),
    (5, 'Описание заказа 5', 2221, '2023-05-20 09:10:00', 0,  NULL, NULL, '2023-05-20 09:30:00', NULL);

INSERT INTO order_table_destination_engineers (order_id, destination_engineers_id) VALUES
    (1,1000),
    (1,1010),

    (2,1000),
    (2,1010),

    (3,1000),
    (3,1010),

    (4,1001),
    (4,1011),

    (5,1001),
    (5,1011);

 INSERT INTO record (record_time, event_type, medic_id, engineer_id, order_id) VALUES
     ('2023-04-05 12:15:00', 0,  2220, null, 1),
     ('2023-04-05 12:15:00', 0,  2220, null, 2),
     ('2023-04-05 12:15:00', 0,  2220, null, 3),
     ('2023-04-05 12:15:00', 0,  2221, null, 4),
     ('2023-04-05 12:15:00', 0,  2221, null, 5);