INSERT INTO users(enabled, username, password) --password 0

SELECT TRUE,
       's',
       '$2a$10$xTmC5gnvno9acbNKJA8KpuznqtAWne4bTd6mRqcoE4qMv/aiSf98u'
WHERE NOT EXISTS
    (SELECT 1
     FROM users
     WHERE username = 's');


INSERT INTO authorities(authority, username)
SELECT 'ROLE_ADMIN',
       's'
WHERE NOT EXISTS
    (SELECT 1
     FROM authorities
     WHERE username = 's');


INSERT INTO users(enabled, username, password)
VALUES --password 0
 (TRUE, 'j1', '$2a$10$xTmC5gnvno9acbNKJA8KpuznqtAWne4bTd6mRqcoE4qMv/aiSf98u'),
 (TRUE, 'j2', '$2a$10$xTmC5gnvno9acbNKJA8KpuznqtAWne4bTd6mRqcoE4qMv/aiSf98u'),
 (TRUE, 'j3', '$2a$10$xTmC5gnvno9acbNKJA8KpuznqtAWne4bTd6mRqcoE4qMv/aiSf98u'),
 (TRUE, 'm1', '$2a$10$xTmC5gnvno9acbNKJA8KpuznqtAWne4bTd6mRqcoE4qMv/aiSf98u'),
 (TRUE, 'm2', '$2a$10$xTmC5gnvno9acbNKJA8KpuznqtAWne4bTd6mRqcoE4qMv/aiSf98u'),
 (TRUE, 'm3', '$2a$10$xTmC5gnvno9acbNKJA8KpuznqtAWne4bTd6mRqcoE4qMv/aiSf98u');


INSERT INTO authorities(authority, username)
VALUES ('ROLE_ENGINEER', 'j1'),
       ('ROLE_ENGINEER', 'j2'),
       ('ROLE_ENGINEER', 'j3'),
       ('ROLE_MEDIC', 'm1'),
       ('ROLE_MEDIC', 'm2'),
       ('ROLE_MEDIC', 'm3');


INSERT INTO address (id, street, city, postal_code, region, active)
VALUES ("АС-0001",'Улица Пушкина, д. 10', 'Городовск', 12345, 'Регион А', TRUE),
       ("АС-0002",'Проспект Ленина, д. 5', 'Городград', 67890, 'Регион Б', TRUE),
       ("АС-0003",'Аллея Гагарина, д. 2', 'Новогорск', 54321, 'Регион В', TRUE),
       ("АС-0004",'Улица Толстого, д. 15', 'Поселоково', 98765, 'Регион Г', TRUE),
       ("АС-0005",'Бульвар Чехова, д. 7', 'Пригородск', 13579, 'Регион Д', TRUE),
       ("АС-0006",'Проезд Достоевского, д. 3', 'Мегаполис', 24680, 'Регион Е', TRUE),
       ("АС-0007",'Аллея Пушкарева, д. 8', 'Городбург', 86420, 'Регион Ж', TRUE),
       ("АС-0008",'Улица Гончарова, д. 6', 'Урбаново', 97531, 'Регион З', TRUE),
       ("АС-0009",'Проспект Чайковского, д. 11', 'Городокополис', 31415, 'Регион И', TRUE),
       ("АС-0010",'Переулок Маяковского, д. 4', 'Мегаград', 27182, 'Регион Й', TRUE);


INSERT INTO hospital (id, name, address_id, active)
VALUES ("КЛ-0001",'Городская больница №1', "АС-0001", TRUE),
       ("КЛ-0002",'Клиника "Здоровье"', "АС-0002", TRUE),
       ("КЛ-0003",'Региональная больница "Спасение"', "АС-0003", TRUE),
       ("КЛ-0004",'Медицинский центр "Лечение"', "АС-0004", TRUE),
       ("КЛ-0005",'Поликлиника "Солнечная"', "АС-0005", TRUE),
       ("КЛ-0006",'Больница им. Петрова', "АС-0006", TRUE),
       ("КЛ-0007",'Медицинский комплекс "Здоровый мир"', "АС-0007", TRUE),
       ("КЛ-0008",'Клиника "МедПрогресс"', "АС-0008", TRUE),
       ("КЛ-0009",'Областная больница "Медикаре"', "АС-0009", TRUE),
       ("КЛ-0010",'Центральная городская поликлиника', "АС-0010", TRUE);


INSERT INTO department (id, name, hospital_id, active)
VALUES ("ОД-0001", 'Отдел хирургии', "КЛ-0001", TRUE),
       ("ОД-0002", 'Отдел терапии', "КЛ-0002", TRUE),
       ("ОД-0003", 'Отдел гинекологии', "КЛ-0003", TRUE),
       ("ОД-0004", 'Отдел педиатрии', "КЛ-0004", TRUE),
       ("ОД-0005", 'Отдел рентгена', "КЛ-0005", TRUE),
       ("ОД-0006", 'Отдел кардиологии', "КЛ-0006", TRUE),
       ("ОД-0007", 'Отдел офтальмологии', "КЛ-0007", TRUE),
       ("ОД-0008", 'Отдел неврологии', "КЛ-0008", TRUE),
       ("ОД-0009", 'Отдел урологии', "КЛ-0009", TRUE),
       ("ОД-0010", 'Отдел стоматологии', "КЛ-0010", TRUE),
       ("ОД-0011", 'Отдел реабилитации', "КЛ-0001", TRUE),
       ("ОД-0012", 'Отдел анестезиологии', "КЛ-0002", TRUE),
       ("ОД-0013", 'Отдел онкологии', "КЛ-0003", TRUE),
       ("ОД-0014", 'Отдел ушной хирургии', "КЛ-0004", TRUE),
       ("ОД-0015", 'Отдел дерматологии', "КЛ-0005", TRUE),
       ("ОД-0016", 'Отдел эндокринологии', "КЛ-0006", TRUE),
       ("ОД-0017", 'Отдел пульмонологии', "КЛ-0007", TRUE),
       ("ОД-0018", 'Отдел ревматологии', "КЛ-0008", TRUE),
       ("ОД-0019", 'Отдел гастроэнтерологии', "КЛ-0009", TRUE),
       ("ОД-0020", 'Отдел нейро', "КЛ-0010", TRUE);


INSERT INTO engineer (id, username, first_name, last_name, birth_date, gender, email, phone, hospital_id, active)
VALUES ("ИЖ-0001", 'j2', 'Александр', 'Мельников', '1985-05-20', 1, 'alex@mail.ru', '987654321', "КЛ-0002", TRUE),
       ("ИЖ-0003", 'пользователь004', 'Екатерина', 'Смирнова', '1988-11-30', 1, 'ekaterina.smirnova@example.com', '369852147', "КЛ-0004", TRUE),
       ("ИЖ-0005", 'пользователь006', 'София', 'Браун', '1983-07-12', 1, 'sofia.brown@example.com', '631258974', "КЛ-0006", TRUE) ,
       ("ИЖ-0006", 'пользователь007', 'Давид', 'Дэвис', '1998-09-05', 0, 'david.davis@example.com', '415263789', "КЛ-0007", TRUE) ,
       ("ИЖ-0007", 'пользователь008', 'Оливия', 'Мур', '1991-12-18', 1, 'olivia.moore@example.com', '987654321', "КЛ-0008", TRUE) ,
       ("ИЖ-0008", 'пользователь009', 'Джеймс', 'Тейлор', '1987-04-22', 0, 'james.taylor@example.com', '741852963', "КЛ-0009", TRUE),
       ("ИЖ-0009", 'пользователь010', 'Эмма', 'Андерсон', '1994-06-08', 1, 'emma.anderson@example.com', '369852147', "КЛ-0010", TRUE) ,
       ("ИЖ-0010", 'j3', 'Мадам', 'Мамбет', '1989-02-28', 0, 'madam.mambet@mail.ru', '123456789', "КЛ-0001", TRUE),
       ("ИЖ-0011", 'пользователь012', 'Елена', 'Ковалева', '1993-07-15', 1, 'elena.kovaleva@example.com', '987654321', "КЛ-0002", TRUE),
       ("ИЖ-0012", 'пользователь013', 'Игорь', 'Федоров', '1986-11-02', 0, 'igor.fedorov@example.com', '741852963', "КЛ-0003",TRUE) ,
       ("ИЖ-0013", 'пользователь014', 'Мария', 'Васильева', '1984-09-25', 1, 'maria.vasilieva@example.com', '369852147', "КЛ-0004", TRUE),
       ("ИЖ-0014", 'пользователь015', 'Павел', 'Петров', '1991-05-10', 0, 'pavel.petrov@example.com', '258147369', "КЛ-0005",TRUE),
       ("ИЖ-0015", 'пользователь016', 'Светлана', 'Сидорова', '1987-08-22', 1, 'svetlana.sidorova@example.com', '631258974', "КЛ-0006", TRUE),
       ("ИЖ-0016", 'пользователь017', 'Алексей', 'Иванов', '1999-04-19', 0, 'alexei.ivanov@example.com', '415263789', "КЛ-0007", TRUE) ,
       ("ИЖ-0017", 'пользователь018', 'Татьяна', 'Морозова', '1990-12-03', 1, 'tatiana.morozova@example.com', '987654321', "КЛ-0008", TRUE),
       ("ИЖ-0018", 'пользователь019', 'Владимир', 'Кузнецов', '1988-06-17', 0, 'vladimir.kuznetsov@example.com', '741852963', "КЛ-0009", TRUE),
       ("ИЖ-0019", 'пользователь020', 'Анастасия', 'Лебедева', '1993-01-08', 1, 'anastasia.lebedeva@example.com', '369852147', "КЛ-0010", TRUE),
       ("ИЖ-0020", 'j1', 'Димитрий', 'Макерт', '1990-01-15', 0, 'dima.mackert@gmail.com', '123456789', "КЛ-0001", TRUE);


INSERT INTO medic (id, username, first_name, last_name, birth_date, gender, email, phone, department_id, active)
VALUES ("МД-0001", 'm2', 'Леонид', 'Краско', '1985-05-20', 1, 'anna.smirnova@example.com', '987654321', "ОД-0002", TRUE),
       ("МД-0002", 'пользователь103', 'Михаил', 'Иванов', '1992-08-10', 0, 'mikhail.ivanov@example.com', '741852963', "ОД-0003", TRUE),
       ("МД-0003", 'пользователь104', 'Екатерина', 'Смирнова', '1988-11-30', 1, 'ekaterina.smirnova@example.com', '369852147', "ОД-0004", TRUE),
       ("МД-0004", 'пользователь105', 'Даниил', 'Мельников', '1995-03-25', 0, 'daniil.melnikov@example.com', '258147369', "ОД-0005", TRUE),
       ("МД-0005", 'пользователь106', 'София', 'Браун', '1983-07-12', 1, 'sofia.brown@example.com', '631258974', "ОД-0006", TRUE),
       ("МД-0006", 'пользователь107', 'Давид', 'Дэвис', '1998-09-05', 0, 'david.davis@example.com', '415263789', "ОД-0007", TRUE),
       ("МД-0007", 'пользователь108', 'Оливия', 'Мур', '1991-12-18', 1, 'olivia.moore@example.com', '987654321', "ОД-0008", TRUE),
       ("МД-0008", 'пользователь109', 'Джеймс', 'Тейлор', '1987-04-22', 0, 'james.taylor@example.com', '741852963', "ОД-0009", TRUE) ,
       ("МД-0009", 'пользователь110', 'Эмма', 'Андерсон', '1994-06-08', 1, 'emma.anderson@example.com', '369852147', "ОД-0010", TRUE),
       ("МД-0010", 'm3', 'Максим', 'Соколов', '1982-03-18', 0, 'maxim.sokolov@example.com', '123456789', "ОД-0011", TRUE),
       ("МД-0011", 'пользователь112', 'Елена', 'Петрова', '1986-07-25', 1, 'elena.petrova@example.com', '987654321', "ОД-0012", TRUE),
       ("МД-0012", 'пользователь113', 'Алексей', 'Иванов', '1993-10-14', 0, 'alexey.ivanov@example.com', '741852963', "ОД-0013", TRUE),
       ("МД-0013", 'пользователь114', 'Наталья', 'Смирнова', '1989-12-05', 1, 'natalya.smirnova@example.com', '369852147', "ОД-0014", TRUE),
       ("МД-0014", 'пользователь115', 'Илья', 'Мельников', '1996-04-29', 0, 'ilya.melnikov@example.com', '258147369', "ОД-0015", TRUE),
       ("МД-0015", 'пользователь116', 'Ангелина', 'Браун', '1984-08-17', 1, 'angelina.brown@example.com', '631258974', "ОД-0016", TRUE),
       ("МД-0016", 'пользователь117', 'Марк', 'Дэвис', '1999-11-08', 0, 'mark.davis@example.com', '415263789', "ОД-0017", TRUE),
       ("МД-0017", 'пользователь118', 'Алиса', 'Мур', '1992-02-20', 1, 'alisa.moore@example.com', '987654321', "ОД-0018", TRUE),
       ("МД-0018", 'пользователь119', 'Глеб', 'Тейлор', '1988-06-12', 0, 'gleb.taylor@example.com', '741852963', "ОД-0019", TRUE),
       ("МД-0019", 'пользователь120', 'София', 'Андерсон', '1995-09-02', 1, 'sofia.anderson@example.com', '369852147', "ОД-0020", TRUE),
       ("МД-0020", 'm1', 'Елена', 'Макерт', '1990-01-15', 0, 'ivan.petrov@example.com', '123456789', "ОД-0001", TRUE);


INSERT INTO equipment (id, name, inventory_number, factory_number, description, create_date, commissioning_date, department_id, active)
VALUES -- Оборудование для отделения 1
 ("ОБ-0001", 'Оборудование 1', 'EQ123', 'EQ124', 'Описание оборудования 1', '2023-01-01', '2023-09-01', "ОД-0001", TRUE),
 ("ОБ-0002", 'Оборудование 2', 'EQ234', 'EQ235', 'Описание оборудования 2', '2022-11-15', '2023-09-01', "ОД-0001", TRUE),
 ("ОБ-0003", 'Оборудование 3', 'EQ345', 'EQ346', 'Описание оборудования 3', '2022-09-10', '2023-09-01', "ОД-0001", TRUE),
 -- Оборудование для отделения 2
 ("ОБ-0004", 'Оборудование 4', 'EQ456', 'EQ457', 'Описание оборудования 4', '2023-03-20', '2023-09-01', "ОД-0002", TRUE),
 ("ОБ-0005", 'Оборудование 5', 'EQ567', 'EQ568', 'Описание оборудования 5', '2021-12-05', '2023-09-01', "ОД-0002", TRUE),
 ("ОБ-0006", 'Оборудование 6', 'EQ678', 'EQ679', 'Описание оборудования 6', '2022-04-30', '2023-09-01', "ОД-0002", TRUE),
 -- Оборудование для отделения 3
 ("ОБ-0007", 'Оборудование 7', 'EQ789', 'EQ790', 'Описание оборудования 7', '2023-06-15', '2023-09-01', "ОД-0003", TRUE),
 ("ОБ-0008", 'Оборудование 8', 'EQ890', 'EQ891', 'Описание оборудования 8', '2021-08-25', '2023-09-01', "ОД-0003", TRUE) ,
 ("ОБ-0009", 'Оборудование 9', 'EQ901', 'EQ902', 'Описание оборудования 9', '2022-10-12', '2023-09-01', "ОД-0003", TRUE),
 -- Оборудование для отделения 4
 ("ОБ-0010", 'Оборудование 10', 'EQ012', 'EQ013', 'Описание оборудования 10', '2023-02-18', '2023-09-01', "ОД-0004", TRUE),
 ("ОБ-0011", 'Оборудование 11', 'EQ123', 'EQ124', 'Описание оборудования 11', '2022-01-05', '2023-09-01', "ОД-0004", TRUE),
 ("ОБ-0012", 'Оборудование 12', 'EQ234', 'EQ235', 'Описание оборудования 12', '2021-11-20', '2023-09-01', "ОД-0004", TRUE),
 -- Оборудование для отделения 5
 ("ОБ-0013", 'Оборудование 13', 'EQ345', 'EQ346', 'Описание оборудования 13', '2022-03-10', '2023-09-01', "ОД-0005", TRUE),
 ("ОБ-0014", 'Оборудование 14', 'EQ456', 'EQ457', 'Описание оборудования 14', '2021-06-15', '2023-09-01', "ОД-0005", TRUE),
 ("ОБ-0015", 'Оборудование 15', 'EQ567', 'EQ568', 'Описание оборудования 15', '2023-09-05', '2023-09-01', "ОД-0005", TRUE),
 -- Оборудование для отделения 11
 ("ОБ-0016", 'Оборудование 16', 'EQ678', 'EQ679', 'Описание оборудования 16', '2022-08-30', '2023-09-01', "ОД-0011", TRUE),
 ("ОБ-0017", 'Оборудование 17', 'EQ789', 'EQ790', 'Описание оборудования 17', '2022-05-25', '2023-09-01', "ОД-0011", TRUE),
 ("ОБ-0018", 'Оборудование 18', 'EQ890', 'EQ891', 'Описание оборудования 18', '2022-04-18', '2023-09-01', "ОД-0011", TRUE),
 -- Оборудование для отделения 7
 ("ОБ-0019", 'Оборудование 19', 'EQ901', 'EQ902', 'Описание оборудования 19', '2021-07-12', '2023-09-01', "ОД-0007", TRUE);


INSERT INTO order_table (id, equipment_id, description, medic_id, create_time, order_state, owner_engineer_id, finish_engineer_id, update_time, end_time, active)
VALUES -- Оборудование для отделения 1
 ("ЗВ-0001","ОБ-0001", 'Описание заказа 1', "МД-0001", '2023-01-01 10:00:00', 0, NULL, NULL, '2023-01-01 10:30:00', NULL, TRUE),
 ("ЗВ-0002","ОБ-0001", 'Описание заказа 2', "МД-0001", '2023-02-15 08:30:00', 0, NULL, NULL, '2023-02-15 09:45:00', NULL, TRUE),
 ("ЗВ-0003","ОБ-0001", 'Описание заказа 3', "МД-0001", '2023-03-10 14:20:00', 0, NULL, NULL, '2023-03-10 14:45:00', NULL, TRUE),
 -- Оборудование для отделения 2
 ("ЗВ-0004","ОБ-0002", 'Описание заказа 4', "МД-0020", '2023-04-05 11:45:00', 0, NULL, NULL, '2023-04-05 12:15:00', NULL, TRUE),
 ("ЗВ-0005","ОБ-0003", 'Описание заказа 5', "МД-0020", '2023-05-20 09:10:00', 0, NULL, NULL, '2023-05-20 09:30:00', NULL, TRUE);


INSERT INTO order_table_destination_engineers (order_id, destination_engineers_id)
VALUES ("ЗВ-0001","ИЖ-0001"),
       ("ЗВ-0001","ИЖ-0010"),
       ("ЗВ-0002","ИЖ-0001"),
       ("ЗВ-0002","ИЖ-0010"),
       ("ЗВ-0003","ИЖ-0001"),
       ("ЗВ-0003","ИЖ-0010"),
       ("ЗВ-0004","ИЖ-0001"),
       ("ЗВ-0004","ИЖ-0011"),
       ("ЗВ-0005","ИЖ-0001"),
       ("ЗВ-0005","ИЖ-0011");


INSERT INTO record (id, record_time, record_type, medic_id, engineer_id, order_id, active)
VALUES ("ПР-0001", '2023-04-05 12:15:00', 0, "МД-0001", NULL, "ЗВ-0001", TRUE),
       ("ПР-0002", '2023-04-05 12:15:00', 0, "МД-0001", NULL, "ЗВ-0002", TRUE),
       ("ПР-0003", '2023-04-05 12:15:00', 0, "МД-0001", NULL, "ЗВ-0003", TRUE),
       ("ПР-0004", '2023-04-05 12:15:00', 0, "МД-0020", NULL, "ЗВ-0004", TRUE),
       ("ПР-0005", '2023-04-05 12:15:00', 0, "МД-0020", NULL, "ЗВ-0005", TRUE);

INSERT INTO admin (id, username, first_name, last_name, active) VALUES
    ("АМ-0001", 's', 'Сергей', 'Вицентович', true);
